Elapsed time (s),Distance (cm),Speed (cm/s),Duty (PWM)
0.000362396240234375,238.0,66.14,4095
0.026175975799560547,238.0,66.14,4095
0.0506596565246582,238.0,66.14,4095
0.07726669311523438,75.5,66.14,4095
0.10147261619567871,75.5,66.14,4095
0.11229109764099121,75.5,66.14,4095
0.12353682518005371,75.5,66.14,4095
0.13494610786437988,75.5,66.14,4095
0.14604687690734863,73.6,66.14,4095
0.157073974609375,73.6,66.14,4095
0.17188382148742676,73.6,66.14,4095
0.1836841106414795,73.6,66.14,4095
0.19485855102539062,73.6,66.14,4095
0.20629167556762695,73.6,66.14,4095
0.21733832359313965,132.5,66.14,4095
0.2284379005432129,132.5,66.14,4095
0.2449181079864502,132.5,66.14,4095
0.2594330310821533,132.5,66.14,4095
0.2704031467437744,132.5,66.14,4095
0.28121209144592285,95.7,66.14,4095
0.29235053062438965,95.7,66.14,4095
0.3032257556915283,95.7,66.14,4095
0.31398582458496094,95.7,66.14,4095
0.3252139091491699,95.7,66.14,4095
0.33605217933654785,95.7,66.14,4095
0.34696531295776367,63.5,66.14,4095
0.3580358028411865,63.5,66.14,4095
0.3689239025115967,63.5,66.14,4095
0.3797588348388672,63.5,66.14,4095
0.39092135429382324,63.5,66.14,4095
0.40178775787353516,63.5,66.14,4095
0.4126250743865967,63.5,66.14,4095
0.42375779151916504,63.5,66.14,4095
0.4346938133239746,63.5,66.14,4095
0.44545459747314453,63.5,66.14,4095
0.45645999908447266,63.5,66.14,4095
0.46735620498657227,63.5,66.14,4095
0.47830867767333984,63.5,66.14,4095
0.48955702781677246,63.5,66.14,4095
0.500497579574585,63.5,66.14,4095
0.5113811492919922,63.5,66.14,4095
0.5226376056671143,63.5,66.14,4095
0.5334756374359131,63.5,66.14,4095
0.5444300174713135,63.5,66.14,4095
0.5555593967437744,63.5,66.14,4095
0.5664772987365723,63.5,66.14,4095
0.577319860458374,63.5,66.14,4095
0.5884175300598145,63.5,66.14,4095
0.5995218753814697,63.5,66.14,4095
0.610405683517456,63.5,66.14,4095
0.6215596199035645,63.5,66.14,4095
0.6329402923583984,63.5,66.14,4095
0.6438252925872803,63.5,66.14,4095
0.6549594402313232,63.5,66.14,4095
0.6659157276153564,63.5,66.14,4095
0.6767721176147461,95.7,66.14,4095
0.6879024505615234,95.7,66.14,4095
0.6987731456756592,95.7,66.14,4095
0.7096235752105713,95.7,66.14,4095
0.7206742763519287,95.7,66.14,4095
0.7317495346069336,95.7,66.14,4095
0.7425544261932373,95.7,66.14,4095
0.75360107421875,95.7,66.14,4095
0.764441967010498,95.7,66.14,4095
0.7752394676208496,95.7,66.14,4095
0.8010406494140625,95.7,66.14,4095
0.8118658065795898,95.7,66.14,4095
0.8231306076049805,95.7,66.14,4095
0.8340494632720947,95.7,66.14,4095
0.844914436340332,95.7,66.14,4095
0.8560521602630615,95.7,66.14,4095
0.8670949935913086,95.7,66.14,4095
0.8780677318572998,95.7,66.14,4095
0.8892354965209961,95.7,66.14,4095
0.9002089500427246,95.7,66.14,4095
0.9111640453338623,95.7,66.14,4095
0.922337532043457,95.7,66.14,4095
0.9333195686340332,93.8,66.14,4095
0.9443297386169434,93.8,66.14,4095
0.955411434173584,93.8,66.14,4095
0.9664461612701416,93.8,66.14,4095
0.9775741100311279,93.8,66.14,4095
0.988659143447876,93.8,66.14,4095
0.9998049736022949,63.5,66.14,4095
1.0108351707458496,63.5,66.14,4095
1.0218422412872314,63.5,66.14,4095
1.0327293872833252,63.5,66.14,4095
1.0437204837799072,63.5,66.14,4095
1.0547733306884766,63.5,66.14,4095
1.0658283233642578,58.3,66.14,4095
1.076977252960205,58.3,66.14,4095
1.088338851928711,58.3,66.14,4095
1.0993778705596924,58.3,66.14,4095
1.110468864440918,58.3,66.14,4095
1.1217901706695557,58.3,66.14,4095
1.1329197883605957,23.7,43.5,2693
1.1439096927642822,23.7,43.5,2693
1.1574077606201172,23.7,43.5,2693
1.168978214263916,23.7,43.5,2693
1.182222843170166,23.7,43.5,2693
1.194005012512207,18.1,15.500000000000007,959
1.2051072120666504,18.1,15.500000000000007,959
1.21751070022583,18.1,15.500000000000007,959
1.2305047512054443,18.1,15.500000000000007,959
1.2419819831848145,18.1,15.500000000000007,959
1.2549808025360107,15.5,2.5,154
1.2661304473876953,15.5,2.5,154
1.2772388458251953,15.5,2.5,154
1.2896249294281006,15.5,2.5,154
1.3013882637023926,15.5,2.5,154
1.3141155242919922,15.5,2.5,154
1.3253424167633057,15.5,2.5,154
1.3363432884216309,15.5,2.5,154
1.3477981090545654,15.5,2.5,154
1.3595011234283447,15.5,2.5,154
1.3703093528747559,15.5,2.5,154
1.3818292617797852,15.5,2.5,154
1.3928821086883545,15.5,2.5,154
1.4036808013916016,15.5,2.5,154
1.414707899093628,15.5,2.5,154
1.4256868362426758,15.5,2.5,154
1.4364609718322754,15.5,2.5,154
1.4474716186523438,15.5,2.5,154
1.4586856365203857,15.5,2.5,154
1.4694981575012207,15.5,2.5,154
1.4805107116699219,15.5,2.5,154
1.4925215244293213,15.5,2.5,154
1.5034399032592773,15.5,2.5,154
1.5150349140167236,15.5,2.5,154
1.5260491371154785,15.5,2.5,154
1.5369186401367188,15.5,2.5,154
1.5479249954223633,15.5,2.5,154
1.5589895248413086,15.5,2.5,154
1.5698931217193604,15.5,2.5,154
1.5814054012298584,15.5,2.5,154
1.5923807621002197,15.5,2.5,154
1.603250503540039,15.5,2.5,154
1.6148943901062012,15.5,2.5,154
1.6264638900756836,15.5,2.5,154
1.637488603591919,15.5,2.5,154
1.6487364768981934,15.5,2.5,154
1.6596839427947998,15.5,2.5,154
1.6706938743591309,15.5,2.5,154
1.6816246509552002,15.5,2.5,154
1.6924526691436768,15.5,2.5,154
1.7034211158752441,15.5,2.5,154
1.714766263961792,15.5,2.5,154
1.7257111072540283,15.5,2.5,154
1.7367825508117676,15.5,2.5,154
1.7478117942810059,15.5,2.5,154
1.7587649822235107,15.5,2.5,154
1.770068645477295,15.5,2.5,154
1.7816376686096191,17.3,11.500000000000004,712
1.7926146984100342,17.3,11.500000000000004,712
1.8037967681884766,17.3,11.500000000000004,712
1.8152108192443848,17.3,11.500000000000004,712
1.8261759281158447,17.3,11.500000000000004,712
1.8375587463378906,17.3,11.500000000000004,712
1.8491730690002441,17.3,11.500000000000004,712
1.8602542877197266,17.3,11.500000000000004,712
1.8716566562652588,17.3,11.500000000000004,712
1.8829011917114258,17.3,11.500000000000004,712
1.8937468528747559,17.3,11.500000000000004,712
1.9056191444396973,17.3,11.500000000000004,712
1.916571855545044,17.3,11.500000000000004,712
1.927466630935669,17.3,11.500000000000004,712
1.9385921955108643,17.3,11.500000000000004,712
1.9512529373168945,17.3,11.500000000000004,712
1.962109088897705,17.3,11.500000000000004,712
1.973585605621338,17.3,11.500000000000004,712
1.9846312999725342,17.3,11.500000000000004,712
1.9954404830932617,17.3,11.500000000000004,712
2.0064852237701416,17.3,11.500000000000004,712
2.0175530910491943,17.3,11.500000000000004,712
2.0283756256103516,17.3,11.500000000000004,712
2.0398499965667725,17.3,11.500000000000004,712
2.0509016513824463,17.3,11.500000000000004,712
2.0617473125457764,17.3,11.500000000000004,712
2.0727736949920654,17.3,11.500000000000004,712
2.0842342376708984,17.3,11.500000000000004,712
2.0950472354888916,17.3,11.500000000000004,712
2.1062772274017334,17.3,11.500000000000004,712
2.117314100265503,17.3,11.500000000000004,712
2.128192663192749,17.3,11.500000000000004,712
2.139798641204834,17.3,11.500000000000004,712
2.150726795196533,17.3,11.500000000000004,712
2.161635398864746,17.3,11.500000000000004,712
2.17382550239563,17.3,11.500000000000004,712
2.184743642807007,17.3,11.500000000000004,712
2.1956984996795654,17.3,11.500000000000004,712
2.206718683242798,17.3,11.500000000000004,712
2.217672109603882,17.3,11.500000000000004,712
2.228666305541992,17.3,11.500000000000004,712
2.239941358566284,17.3,11.500000000000004,712
2.2508559226989746,17.3,11.500000000000004,712
2.26185941696167,17.3,11.500000000000004,712
2.2737982273101807,17.3,11.500000000000004,712
2.2871837615966797,17.3,11.500000000000004,712
2.2984297275543213,17.3,11.500000000000004,712
2.3109593391418457,17.3,11.500000000000004,712
2.321871280670166,17.3,11.500000000000004,712
2.333280563354492,17.3,11.500000000000004,712
2.344223737716675,17.3,11.500000000000004,712
2.355064868927002,17.3,11.500000000000004,712
2.366392135620117,17.3,11.500000000000004,712
2.377417802810669,17.3,11.500000000000004,712
2.3881969451904297,17.3,11.500000000000004,712
2.399367094039917,17.3,11.500000000000004,712
2.410914897918701,17.3,11.500000000000004,712
2.421750068664551,17.3,11.500000000000004,712
2.4333713054656982,17.3,11.500000000000004,712
2.4450807571411133,17.3,11.500000000000004,712
2.4559919834136963,17.3,11.500000000000004,712
2.4671075344085693,17.3,11.500000000000004,712
2.4781298637390137,17.3,11.500000000000004,712
2.488812208175659,17.3,11.500000000000004,712
2.5008373260498047,17.3,11.500000000000004,712
2.5118391513824463,17.3,11.500000000000004,712
2.5226306915283203,17.3,11.500000000000004,712
2.5336389541625977,17.3,11.500000000000004,712
2.544654607772827,17.3,11.500000000000004,712
2.555500030517578,17.3,11.500000000000004,712
2.568037271499634,17.3,11.500000000000004,712
2.5790793895721436,17.3,11.500000000000004,712
2.590012311935425,17.3,11.500000000000004,712
2.601111650466919,17.3,11.500000000000004,712
2.6120681762695312,17.3,11.500000000000004,712
2.623030662536621,17.3,11.500000000000004,712
2.6347591876983643,17.3,11.500000000000004,712
2.647007465362549,17.3,11.500000000000004,712
2.6588361263275146,17.3,11.500000000000004,712
2.6701676845550537,17.3,11.500000000000004,712
2.681631326675415,17.3,11.500000000000004,712
2.6930131912231445,17.3,11.500000000000004,712
2.7046594619750977,17.3,11.500000000000004,712
2.7156591415405273,17.3,11.500000000000004,712
2.726869583129883,17.3,11.500000000000004,712
2.738381862640381,17.3,11.500000000000004,712
2.74932599067688,17.3,11.500000000000004,712
2.761035442352295,17.3,11.500000000000004,712
2.77307391166687,17.3,11.500000000000004,712
2.783902406692505,17.3,11.500000000000004,712
2.7958571910858154,17.3,11.500000000000004,712
2.807676076889038,17.3,11.500000000000004,712
2.818521499633789,17.3,11.500000000000004,712
2.8300507068634033,17.3,11.500000000000004,712
2.8411648273468018,17.3,11.500000000000004,712
2.8521509170532227,17.3,11.500000000000004,712
2.8634066581726074,17.3,11.500000000000004,712
2.8771164417266846,17.3,11.500000000000004,712
2.8898868560791016,17.3,11.500000000000004,712
2.900996685028076,17.3,11.500000000000004,712
2.912126064300537,17.3,11.500000000000004,712
2.9232571125030518,17.3,11.500000000000004,712
2.9347524642944336,17.3,11.500000000000004,712
2.9457950592041016,17.3,11.500000000000004,712
2.9573192596435547,17.3,11.500000000000004,712
2.968421697616577,17.3,11.500000000000004,712
2.9793434143066406,17.3,11.500000000000004,712
2.9905145168304443,17.3,11.500000000000004,712
3.00225567817688,17.3,11.500000000000004,712
3.0130739212036133,17.3,11.500000000000004,712
3.0252525806427,17.3,11.500000000000004,712
3.036215305328369,17.3,11.500000000000004,712
3.0471715927124023,17.3,11.500000000000004,712
3.0582735538482666,17.3,11.500000000000004,712
3.0692546367645264,17.3,11.500000000000004,712
3.08038067817688,17.3,11.500000000000004,712
3.091463088989258,17.3,11.500000000000004,712
3.102393388748169,17.3,11.500000000000004,712
3.1132917404174805,17.3,11.500000000000004,712
3.124387741088867,17.3,11.500000000000004,712
3.1363420486450195,17.3,11.500000000000004,712
3.1470553874969482,17.3,11.500000000000004,712
3.1581571102142334,17.3,11.500000000000004,712
3.169424057006836,17.3,11.500000000000004,712
3.1801047325134277,17.3,11.500000000000004,712
3.1911232471466064,17.3,11.500000000000004,712
3.202335834503174,17.3,11.500000000000004,712
3.213043689727783,15.8,4.0000000000000036,247
3.2242836952209473,15.8,4.0000000000000036,247
3.2354674339294434,15.8,4.0000000000000036,247
3.2463796138763428,15.8,4.0000000000000036,247
3.2574498653411865,15.8,4.0000000000000036,247
3.2696127891540527,15.8,4.0000000000000036,247
3.2807490825653076,15.8,4.0000000000000036,247
3.2928054332733154,15.8,4.0000000000000036,247
3.304741621017456,15.8,4.0000000000000036,247
3.3158750534057617,15.8,4.0000000000000036,247
3.326963186264038,15.8,4.0000000000000036,247
3.338174819946289,15.8,4.0000000000000036,247
3.34928560256958,15.8,4.0000000000000036,247
3.360342025756836,15.8,4.0000000000000036,247
3.371696949005127,15.8,4.0000000000000036,247
3.3827505111694336,15.8,4.0000000000000036,247
3.397462844848633,15.8,4.0000000000000036,247
3.408418893814087,15.8,4.0000000000000036,247
3.4196062088012695,15.8,4.0000000000000036,247
3.432694673538208,15.8,4.0000000000000036,247
3.4435012340545654,15.8,4.0000000000000036,247
3.4547312259674072,15.8,4.0000000000000036,247
3.466193437576294,15.8,4.0000000000000036,247
3.4770047664642334,15.8,4.0000000000000036,247
3.488109827041626,15.8,4.0000000000000036,247
3.5013628005981445,15.8,4.0000000000000036,247
3.5171902179718018,15.8,4.0000000000000036,247
3.532071828842163,15.8,4.0000000000000036,247
3.543926239013672,15.8,4.0000000000000036,247
3.555231809616089,15.8,4.0000000000000036,247
3.566683530807495,15.8,4.0000000000000036,247
3.577742338180542,15.8,4.0000000000000036,247
3.589064121246338,15.8,4.0000000000000036,247
3.6006665229797363,14.1,-4.500000000000002,-278
3.6117489337921143,14.1,-4.500000000000002,-278
3.6234984397888184,14.1,-4.500000000000002,-278
3.634639263153076,14.1,-4.500000000000002,-278
3.645642042160034,14.1,-4.500000000000002,-278
3.656754970550537,14.1,-4.500000000000002,-278
3.6681666374206543,14.1,-4.500000000000002,-278
3.67915940284729,14.1,-4.500000000000002,-278
3.6904656887054443,14.1,-4.500000000000002,-278
3.7014715671539307,14.1,-4.500000000000002,-278
3.7124814987182617,14.1,-4.500000000000002,-278
3.723816394805908,14.1,-4.500000000000002,-278
3.7349853515625,14.1,-4.500000000000002,-278
3.7461581230163574,14.1,-4.500000000000002,-278
3.758204698562622,14.1,-4.500000000000002,-278
3.769212007522583,14.1,-4.500000000000002,-278
3.780402898788452,14.1,-4.500000000000002,-278
3.7918083667755127,14.1,-4.500000000000002,-278
3.802711009979248,14.1,-4.500000000000002,-278
3.8139467239379883,14.1,-4.500000000000002,-278
3.824923276901245,14.1,-4.500000000000002,-278
3.835818290710449,14.1,-4.500000000000002,-278
3.8470726013183594,14.1,-4.500000000000002,-278
3.8582770824432373,14.1,-4.500000000000002,-278
3.869187831878662,14.1,-4.500000000000002,-278
3.8804287910461426,14.1,-4.500000000000002,-278
3.891406774520874,14.1,-4.500000000000002,-278
3.902419090270996,14.1,-4.500000000000002,-278
3.9137485027313232,14.1,-4.500000000000002,-278
3.9251599311828613,14.1,-4.500000000000002,-278
3.9360666275024414,14.1,-4.500000000000002,-278
3.9471986293792725,14.1,-4.500000000000002,-278
3.9582157135009766,14.1,-4.500000000000002,-278
3.969341993331909,14.1,-4.500000000000002,-278
3.9806137084960938,14.1,-4.500000000000002,-278
3.9924092292785645,14.1,-4.500000000000002,-278
4.003247499465942,14.1,-4.500000000000002,-278
4.015370845794678,14.1,-4.500000000000002,-278
4.0266618728637695,14.1,-4.500000000000002,-278
4.037684679031372,14.1,-4.500000000000002,-278
4.04995059967041,14.1,-4.500000000000002,-278
4.062489032745361,14.1,-4.500000000000002,-278
4.073620080947876,14.1,-4.500000000000002,-278
4.08484959602356,14.1,-4.500000000000002,-278
4.095850229263306,14.1,-4.500000000000002,-278
4.1068274974823,14.1,-4.500000000000002,-278
4.119185209274292,14.1,-4.500000000000002,-278
4.130212306976318,14.1,-4.500000000000002,-278
4.141253232955933,14.1,-4.500000000000002,-278
4.153064012527466,14.1,-4.500000000000002,-278
4.1642749309539795,14.1,-4.500000000000002,-278
4.175632953643799,14.1,-4.500000000000002,-278
4.187527894973755,14.1,-4.500000000000002,-278
4.198558807373047,14.1,-4.500000000000002,-278
4.212483644485474,14.1,-4.500000000000002,-278
4.223652362823486,14.1,-4.500000000000002,-278
4.234598875045776,14.1,-4.500000000000002,-278
4.246492624282837,14.1,-4.500000000000002,-278
4.2575156688690186,14.1,-4.500000000000002,-278
4.268492698669434,14.1,-4.500000000000002,-278
4.280033826828003,14.1,-4.500000000000002,-278
4.29173731803894,14.1,-4.500000000000002,-278
4.3034348487854,14.1,-4.500000000000002,-278
4.3157923221588135,14.1,-4.500000000000002,-278
4.326975584030151,14.1,-4.500000000000002,-278
4.338269948959351,14.1,-4.500000000000002,-278
4.350245475769043,14.1,-4.500000000000002,-278
4.3614420890808105,14.1,-4.500000000000002,-278
4.3736255168914795,14.1,-4.500000000000002,-278
4.385082721710205,14.1,-4.500000000000002,-278
4.39607834815979,14.1,-4.500000000000002,-278
4.40730357170105,14.1,-4.500000000000002,-278
4.4205381870269775,14.1,-4.500000000000002,-278
4.431846857070923,14.1,-4.500000000000002,-278
4.443355321884155,14.1,-4.500000000000002,-278
4.45582914352417,14.1,-4.500000000000002,-278
4.4669740200042725,14.1,-4.500000000000002,-278
4.47884726524353,14.1,-4.500000000000002,-278
4.490206956863403,14.1,-4.500000000000002,-278
4.501814603805542,14.1,-4.500000000000002,-278
4.513665199279785,14.1,-4.500000000000002,-278
4.524661540985107,14.1,-4.500000000000002,-278
4.535674571990967,14.1,-4.500000000000002,-278
4.546930313110352,14.1,-4.500000000000002,-278
4.557817697525024,14.1,-4.500000000000002,-278
4.5692760944366455,12.3,-13.499999999999996,-835
4.580607891082764,12.3,-13.499999999999996,-835
4.591586351394653,12.3,-13.499999999999996,-835
4.6025707721710205,12.3,-13.499999999999996,-835
4.6149742603302,12.3,-13.499999999999996,-835
4.625849962234497,12.3,-13.499999999999996,-835
4.637362003326416,12.3,-13.499999999999996,-835
4.650283098220825,12.3,-13.499999999999996,-835
4.661311626434326,12.3,-13.499999999999996,-835
4.672452688217163,12.3,-13.499999999999996,-835
4.683711051940918,12.3,-13.499999999999996,-835
4.694580554962158,12.3,-13.499999999999996,-835
4.705834150314331,12.3,-13.499999999999996,-835
4.716896295547485,12.3,-13.499999999999996,-835
4.727758169174194,12.3,-13.499999999999996,-835
4.738946914672852,12.3,-13.499999999999996,-835
4.750112533569336,12.3,-13.499999999999996,-835
4.761013507843018,10.6,-22.0,-1362
4.772071838378906,10.6,-22.0,-1362
4.784164905548096,10.6,-22.0,-1362
4.795102834701538,10.6,-22.0,-1362
4.807034730911255,10.6,-22.0,-1362
4.81801700592041,10.6,-22.0,-1362
4.829027891159058,10.6,-22.0,-1362
4.840193033218384,10.6,-22.0,-1362
4.8511247634887695,10.6,-22.0,-1362
4.862092971801758,10.6,-22.0,-1362
4.87458062171936,10.6,-22.0,-1362
4.885671615600586,10.6,-22.0,-1362
4.8966779708862305,10.6,-22.0,-1362
4.908859968185425,10.6,-22.0,-1362
4.919942378997803,10.6,-22.0,-1362
4.931198358535767,10.6,-22.0,-1362
4.943426609039307,10.6,-22.0,-1362
4.954696416854858,10.6,-22.0,-1362
4.966203451156616,10.6,-22.0,-1362
4.978732585906982,10.6,-22.0,-1362
4.9896323680877686,10.6,-22.0,-1362
5.000850677490234,10.6,-22.0,-1362
5.0129618644714355,10.6,-22.0,-1362
5.024118423461914,10.6,-22.0,-1362
5.03516411781311,10.6,-22.0,-1362
5.046194314956665,10.6,-22.0,-1362
5.056913614273071,10.6,-22.0,-1362
5.067996501922607,10.6,-22.0,-1362
5.079166412353516,10.6,-22.0,-1362
5.089950799942017,10.6,-22.0,-1362
5.106638431549072,10.6,-22.0,-1362
5.127140045166016,10.6,-22.0,-1362
5.148409605026245,10.6,-22.0,-1362
5.1694111824035645,10.6,-22.0,-1362
5.195180654525757,10.6,-22.0,-1362
5.209447622299194,14.1,-4.500000000000002,-278
5.220837116241455,14.1,-4.500000000000002,-278
5.231840133666992,14.1,-4.500000000000002,-278
5.243233680725098,14.1,-4.500000000000002,-278
5.254259824752808,14.1,-4.500000000000002,-278
5.26528263092041,14.1,-4.500000000000002,-278
5.277669191360474,14.1,-4.500000000000002,-278
5.291085958480835,14.1,-4.500000000000002,-278
5.302367448806763,14.1,-4.500000000000002,-278
5.313697099685669,14.1,-4.500000000000002,-278
5.324742555618286,14.1,-4.500000000000002,-278
5.3359739780426025,14.1,-4.500000000000002,-278
5.347665071487427,16.5,7.5,464
5.358633756637573,16.5,7.5,464
5.369908571243286,16.5,7.5,464
5.381413221359253,16.5,7.5,464
5.392215967178345,16.5,7.5,464
5.403759956359863,16.5,7.5,464
5.414660453796387,16.5,7.5,464
5.425676107406616,16.5,7.5,464
5.436789035797119,16.5,7.5,464
5.4477598667144775,16.5,7.5,464
5.45856237411499,16.5,7.5,464
5.46993613243103,19.4,21.999999999999993,1362
5.480933904647827,19.4,21.999999999999993,1362
5.491873741149902,19.4,21.999999999999993,1362
5.50306510925293,19.4,21.999999999999993,1362
5.514434099197388,19.4,21.999999999999993,1362
5.525284767150879,19.4,21.999999999999993,1362
5.536924362182617,23.0,40.0,2476
5.548126459121704,23.0,40.0,2476
5.558908224105835,23.0,40.0,2476
5.569918632507324,23.0,40.0,2476
5.580998420715332,23.0,40.0,2476
5.5918309688568115,23.0,40.0,2476
5.6034746170043945,23.0,40.0,2476
5.615687847137451,23.0,40.0,2476
5.626694679260254,23.0,40.0,2476
5.638086318969727,23.0,40.0,2476
5.650259733200073,23.0,40.0,2476
5.66581916809082,23.0,40.0,2476
5.682013273239136,23.0,40.0,2476
5.693920612335205,23.0,40.0,2476
5.707597494125366,23.0,40.0,2476
5.719289302825928,23.0,40.0,2476
5.7310309410095215,23.0,40.0,2476
5.7427473068237305,23.0,40.0,2476
5.753552675247192,23.0,40.0,2476
5.764659643173218,23.0,40.0,2476
5.775957822799683,23.0,40.0,2476
5.78684663772583,23.0,40.0,2476
5.798573017120361,23.0,40.0,2476
5.813516855239868,23.0,40.0,2476
5.8245849609375,23.0,40.0,2476
5.835742473602295,23.0,40.0,2476
5.846796751022339,23.0,40.0,2476
5.857852935791016,23.0,40.0,2476
5.8693578243255615,23.0,40.0,2476
5.8809731006622314,23.0,40.0,2476
5.8922998905181885,23.0,40.0,2476
5.903506517410278,23.0,40.0,2476
5.914746522903442,23.0,40.0,2476
5.925794363021851,23.0,40.0,2476
5.937554121017456,23.0,40.0,2476
5.948874473571777,23.0,40.0,2476
5.959914207458496,23.0,40.0,2476
5.971313953399658,23.0,40.0,2476
5.982313871383667,23.0,40.0,2476
5.994135141372681,23.0,40.0,2476
6.0056843757629395,23.0,40.0,2476
6.016616344451904,23.0,40.0,2476
6.027626991271973,23.0,40.0,2476
6.038732528686523,23.0,40.0,2476
6.049622535705566,23.0,40.0,2476
6.060836315155029,23.0,40.0,2476
6.071908712387085,23.0,40.0,2476
6.082821846008301,23.0,40.0,2476
6.0938615798950195,23.0,40.0,2476
6.104743480682373,23.0,40.0,2476
6.115508317947388,23.0,40.0,2476
6.126587867736816,23.0,40.0,2476
6.1375322341918945,23.0,40.0,2476
6.14841628074646,23.0,40.0,2476
6.1594908237457275,23.0,40.0,2476
6.170382738113403,23.0,40.0,2476
6.181349992752075,23.0,40.0,2476
6.192475080490112,23.0,40.0,2476
6.203816175460815,23.0,40.0,2476
6.214688777923584,23.0,40.0,2476
6.225806474685669,23.0,40.0,2476
6.2367730140686035,23.0,40.0,2476
6.2479143142700195,23.0,40.0,2476
6.259061813354492,23.0,40.0,2476
6.270283222198486,23.0,40.0,2476
6.281237602233887,23.0,40.0,2476
6.2923243045806885,23.0,40.0,2476
6.303321838378906,23.0,40.0,2476
6.314128637313843,23.0,40.0,2476
6.325242757797241,23.0,40.0,2476
6.336432933807373,23.0,40.0,2476
6.347340106964111,23.0,40.0,2476
6.358384132385254,23.0,40.0,2476
6.369427680969238,23.0,40.0,2476
6.380321502685547,23.0,40.0,2476
6.391429662704468,23.0,40.0,2476
6.4024810791015625,23.0,40.0,2476
6.413365840911865,60.8,66.14,4095
6.4244184494018555,60.8,66.14,4095
6.43533992767334,60.8,66.14,4095
6.446353197097778,60.8,66.14,4095
6.4574408531188965,60.8,66.14,4095
6.468367576599121,60.8,66.14,4095
6.479444265365601,60.8,66.14,4095
6.490483999252319,60.8,66.14,4095
6.5014214515686035,60.8,66.14,4095
6.512300491333008,60.8,66.14,4095
6.523400783538818,60.8,66.14,4095
6.534327983856201,60.8,66.14,4095
6.545326232910156,60.8,66.14,4095
6.55657696723938,85.0,66.14,4095
6.567904472351074,85.0,66.14,4095
6.578737497329712,85.0,66.14,4095
6.589942693710327,85.0,66.14,4095
6.601065635681152,85.0,66.14,4095
6.611839771270752,85.0,66.14,4095
6.623255491256714,85.0,66.14,4095
6.634225845336914,85.0,66.14,4095
6.644922733306885,85.0,66.14,4095
6.656148672103882,85.0,66.14,4095
6.667149782180786,85.0,66.14,4095
6.677874326705933,85.0,66.14,4095
6.689333915710449,85.0,66.14,4095
6.700319290161133,85.0,66.14,4095
6.711307048797607,85.0,66.14,4095
6.7224390506744385,85.0,66.14,4095
6.733513832092285,85.0,66.14,4095
6.744287729263306,85.0,66.14,4095
6.755591154098511,85.0,66.14,4095
6.766708850860596,85.0,66.14,4095
6.777485132217407,85.0,66.14,4095
6.788526296615601,85.0,66.14,4095
6.799590110778809,85.0,66.14,4095
6.81048321723938,85.0,66.14,4095
6.822086572647095,85.0,66.14,4095
6.833378791809082,85.0,66.14,4095
6.844289302825928,85.0,66.14,4095
6.855340480804443,85.0,66.14,4095
6.866466522216797,85.0,66.14,4095
6.877449035644531,85.0,66.14,4095
6.888834476470947,85.0,66.14,4095
6.899964809417725,76.0,66.14,4095
6.910916090011597,76.0,66.14,4095
6.921984434127808,76.0,66.14,4095
6.932933568954468,76.0,66.14,4095
6.943913459777832,76.0,66.14,4095
6.95536994934082,76.0,66.14,4095
6.9663166999816895,76.0,66.14,4095
6.97753643989563,76.0,66.14,4095
6.988614082336426,76.0,66.14,4095
6.99949312210083,76.0,66.14,4095
7.010436296463013,76.0,66.14,4095
7.02195143699646,56.7,66.14,4095
7.032857894897461,56.7,66.14,4095
7.043927907943726,56.7,66.14,4095
7.054999589920044,56.7,66.14,4095
7.0659873485565186,56.7,66.14,4095
7.076925277709961,56.7,66.14,4095
7.088395357131958,56.7,66.14,4095
7.099383592605591,56.7,66.14,4095
7.110381126403809,56.7,66.14,4095
7.1214439868927,56.7,66.14,4095
7.132566690444946,56.7,66.14,4095
7.143480539321899,56.7,66.14,4095
7.154976844787598,45.8,66.14,4095
7.165929317474365,45.8,66.14,4095
7.176954030990601,45.8,66.14,4095
7.18829870223999,45.8,66.14,4095
7.199266672134399,45.8,66.14,4095
7.210538387298584,45.8,66.14,4095
7.221877574920654,45.8,66.14,4095
7.232898235321045,45.8,66.14,4095
7.24429726600647,45.8,66.14,4095
7.255950689315796,45.8,66.14,4095
7.266894578933716,45.8,66.14,4095
7.278392314910889,45.8,66.14,4095
7.28952956199646,45.8,66.14,4095
7.300403118133545,45.8,66.14,4095
7.311523914337158,45.8,66.14,4095
7.322406053543091,45.8,66.14,4095
7.3332226276397705,45.8,66.14,4095
7.344523191452026,45.8,66.14,4095
7.355596303939819,16.0,5.0,309
7.366443872451782,16.0,5.0,309
7.3775293827056885,16.0,5.0,309
7.388391971588135,16.0,5.0,309
7.399235725402832,16.0,5.0,309
7.410687208175659,10.9,-20.5,-1269
7.4215779304504395,10.9,-20.5,-1269
7.432429313659668,10.9,-20.5,-1269
7.443536281585693,10.9,-20.5,-1269
7.4544517993927,10.9,-20.5,-1269
7.4653425216674805,10.9,-20.5,-1269
7.4771506786346436,10.9,-20.5,-1269
7.488029479980469,10.9,-20.5,-1269
7.498946189880371,10.9,-20.5,-1269
7.509984970092773,10.9,-20.5,-1269
7.520906448364258,10.9,-20.5,-1269
7.531685829162598,10.9,-20.5,-1269
7.543362617492676,10.9,-20.5,-1269
7.554273366928101,10.9,-20.5,-1269
7.565261363983154,10.9,-20.5,-1269
7.576424598693848,10.9,-20.5,-1269
7.587754726409912,10.9,-20.5,-1269
7.598518371582031,10.9,-20.5,-1269
7.6103479862213135,10.9,-20.5,-1269
7.6213812828063965,10.9,-20.5,-1269
7.632198095321655,10.9,-20.5,-1269
7.643251895904541,10.9,-20.5,-1269
7.654317140579224,10.9,-20.5,-1269
7.66511869430542,10.9,-20.5,-1269
7.676262855529785,10.9,-20.5,-1269
7.687352657318115,10.9,-20.5,-1269
7.69812536239624,10.9,-20.5,-1269
7.709161281585693,10.9,-20.5,-1269
7.720206022262573,10.9,-20.5,-1269
7.7311341762542725,10.9,-20.5,-1269
7.742180824279785,10.9,-20.5,-1269
7.75320839881897,10.9,-20.5,-1269
7.76397967338562,10.9,-20.5,-1269
7.775119304656982,10.9,-20.5,-1269
7.786213636398315,10.9,-20.5,-1269
7.797061204910278,10.9,-20.5,-1269
7.808094263076782,10.9,-20.5,-1269
7.819123268127441,10.9,-20.5,-1269
7.829914569854736,10.9,-20.5,-1269
7.840979099273682,10.9,-20.5,-1269
7.852014064788818,10.9,-20.5,-1269
7.862967014312744,10.9,-20.5,-1269
7.874093055725098,10.9,-20.5,-1269
7.885269641876221,10.9,-20.5,-1269
7.896138906478882,10.9,-20.5,-1269
7.907156944274902,10.9,-20.5,-1269
7.918170928955078,10.9,-20.5,-1269
7.929069757461548,10.9,-20.5,-1269
7.9401535987854,10.9,-20.5,-1269
7.951231956481934,10.9,-20.5,-1269
7.962030649185181,10.9,-20.5,-1269
7.973193645477295,10.9,-20.5,-1269
7.984120607376099,10.9,-20.5,-1269
7.994990348815918,10.9,-20.5,-1269
8.006107568740845,10.9,-20.5,-1269
8.017175436019897,10.9,-20.5,-1269
8.028082132339478,10.9,-20.5,-1269
8.039137601852417,10.9,-20.5,-1269
8.050253629684448,10.9,-20.5,-1269
8.061123609542847,10.9,-20.5,-1269
8.072253942489624,10.9,-20.5,-1269
8.083295345306396,10.9,-20.5,-1269
8.094232559204102,10.9,-20.5,-1269
8.105313777923584,10.9,-20.5,-1269
8.116593599319458,10.9,-20.5,-1269
8.12727165222168,10.9,-20.5,-1269
8.13821005821228,10.9,-20.5,-1269
8.149581670761108,10.9,-20.5,-1269
8.1604483127594,10.9,-20.5,-1269
8.171603918075562,10.9,-20.5,-1269
8.182851552963257,10.9,-20.5,-1269
8.193795442581177,10.9,-20.5,-1269
8.204834222793579,10.9,-20.5,-1269
8.215932846069336,10.9,-20.5,-1269
8.226873636245728,10.9,-20.5,-1269
8.243293285369873,10.9,-20.5,-1269
8.25418210029602,10.9,-20.5,-1269
8.265411615371704,10.9,-20.5,-1269
8.276330947875977,10.9,-20.5,-1269
8.287140607833862,10.9,-20.5,-1269
8.298208951950073,10.9,-20.5,-1269
8.309331178665161,10.9,-20.5,-1269
8.320150375366211,10.9,-20.5,-1269
8.331201314926147,10.9,-20.5,-1269
8.342093467712402,10.9,-20.5,-1269
8.352858304977417,10.9,-20.5,-1269
8.363968133926392,10.9,-20.5,-1269
8.37517499923706,14.2,-4.0000000000000036,-247
8.385942935943604,14.2,-4.0000000000000036,-247
8.396981000900269,14.2,-4.0000000000000036,-247
8.407886981964111,14.2,-4.0000000000000036,-247
8.418723821640015,14.2,-4.0000000000000036,-247
8.429950952529907,14.2,-4.0000000000000036,-247
8.440992593765259,14.2,-4.0000000000000036,-247
8.451866149902344,14.2,-4.0000000000000036,-247
8.46299695968628,14.2,-4.0000000000000036,-247
8.4738290309906,14.2,-4.0000000000000036,-247
8.484661102294922,14.2,-4.0000000000000036,-247
8.495680332183838,14.2,-4.0000000000000036,-247
8.506783962249756,14.2,-4.0000000000000036,-247
8.517537117004395,14.2,-4.0000000000000036,-247
8.528584718704224,14.2,-4.0000000000000036,-247
8.539639234542847,14.2,-4.0000000000000036,-247
8.55048155784607,14.2,-4.0000000000000036,-247
8.561564445495605,14.2,-4.0000000000000036,-247
8.572575330734253,14.2,-4.0000000000000036,-247
8.583381175994873,14.2,-4.0000000000000036,-247
8.594416618347168,14.2,-4.0000000000000036,-247
8.605375528335571,14.2,-4.0000000000000036,-247
8.616210699081421,14.2,-4.0000000000000036,-247
8.627454042434692,14.2,-4.0000000000000036,-247
8.638498544692993,14.2,-4.0000000000000036,-247
8.64926290512085,14.2,-4.0000000000000036,-247
8.661949634552002,14.2,-4.0000000000000036,-247
8.673694610595703,14.2,-4.0000000000000036,-247
8.684382677078247,14.2,-4.0000000000000036,-247
8.696078538894653,14.2,-4.0000000000000036,-247
8.708200216293335,14.2,-4.0000000000000036,-247
8.719478845596313,14.2,-4.0000000000000036,-247
8.732005834579468,14.2,-4.0000000000000036,-247
8.742957353591919,14.2,-4.0000000000000036,-247
8.754045724868774,14.2,-4.0000000000000036,-247
8.765610933303833,15.9,4.500000000000002,278
8.77906847000122,15.9,4.500000000000002,278
8.791916847229004,15.9,4.500000000000002,278
8.803376913070679,15.9,4.500000000000002,278
8.814284801483154,15.9,4.500000000000002,278
8.825632095336914,15.9,4.500000000000002,278
8.836996078491211,15.9,4.500000000000002,278
8.847858428955078,15.9,4.500000000000002,278
8.859809875488281,15.9,4.500000000000002,278
8.871297597885132,15.9,4.500000000000002,278
8.882010459899902,15.9,4.500000000000002,278
8.893213748931885,15.9,4.500000000000002,278
8.904631853103638,15.9,4.500000000000002,278
8.915470361709595,15.9,4.500000000000002,278
8.926529884338379,15.9,4.500000000000002,278
8.940246105194092,15.9,4.500000000000002,278
8.951581716537476,15.9,4.500000000000002,278
8.966405630111694,15.9,4.500000000000002,278
8.97741174697876,15.9,4.500000000000002,278
8.988959550857544,15.9,4.500000000000002,278
9.001256465911865,15.9,4.500000000000002,278
9.012129068374634,15.9,4.500000000000002,278
9.023855924606323,15.9,4.500000000000002,278
9.035740613937378,15.9,4.500000000000002,278
9.046407461166382,15.9,4.500000000000002,278
9.05811095237732,15.9,4.500000000000002,278
9.069220304489136,15.9,4.500000000000002,278
9.07991099357605,15.9,4.500000000000002,278
9.091295957565308,15.9,4.500000000000002,278
9.104586601257324,15.9,4.500000000000002,278
9.11581563949585,15.9,4.500000000000002,278
9.12834095954895,15.9,4.500000000000002,278
9.139449834823608,15.9,4.500000000000002,278
9.150627613067627,15.9,4.500000000000002,278
9.162399053573608,15.9,4.500000000000002,278
9.173377752304077,15.9,4.500000000000002,278
9.184367895126343,15.9,4.500000000000002,278
9.195838451385498,15.9,4.500000000000002,278
9.206943273544312,15.9,4.500000000000002,278
9.218941450119019,15.9,4.500000000000002,278
9.23035717010498,15.9,4.500000000000002,278
9.241450786590576,15.9,4.500000000000002,278
9.252634048461914,15.9,4.500000000000002,278
9.263855695724487,15.9,4.500000000000002,278
9.274624109268188,15.9,4.500000000000002,278
9.286700248718262,15.9,4.500000000000002,278
9.297775268554688,15.9,4.500000000000002,278
9.309083700180054,15.9,4.500000000000002,278
9.320105791091919,15.9,4.500000000000002,278
9.331184387207031,15.9,4.500000000000002,278
9.34203028678894,15.9,4.500000000000002,278
9.353385210037231,15.9,4.500000000000002,278
9.365102529525757,15.9,4.500000000000002,278
9.375940084457397,15.9,4.500000000000002,278
9.387091636657715,15.9,4.500000000000002,278
9.39820647239685,15.9,4.500000000000002,278
9.408916473388672,15.9,4.500000000000002,278
9.420178413391113,15.9,4.500000000000002,278
9.431444644927979,15.9,4.500000000000002,278
9.442217111587524,15.9,4.500000000000002,278
9.45325255393982,15.9,4.500000000000002,278
9.464447736740112,15.9,4.500000000000002,278
9.475644826889038,15.9,4.500000000000002,278
9.486799001693726,15.9,4.500000000000002,278
9.497877597808838,15.9,4.500000000000002,278
9.508634090423584,15.9,4.500000000000002,278
9.519772052764893,15.9,4.500000000000002,278
9.530795812606812,15.9,4.500000000000002,278
9.541795253753662,15.9,4.500000000000002,278
9.552869081497192,15.9,4.500000000000002,278
9.563915014266968,15.9,4.500000000000002,278
9.574791193008423,15.9,4.500000000000002,278
9.585844039916992,15.9,4.500000000000002,278
9.597217798233032,15.9,4.500000000000002,278
9.608207941055298,15.9,4.500000000000002,278
9.619243860244751,15.9,4.500000000000002,278
9.630339622497559,15.9,4.500000000000002,278
9.6412672996521,15.9,4.500000000000002,278
9.652522563934326,15.9,4.500000000000002,278
9.663503646850586,15.9,4.500000000000002,278
9.67466425895691,15.9,4.500000000000002,278
9.68591022491455,15.9,4.500000000000002,278
9.69728136062622,15.9,4.500000000000002,278
9.70804238319397,15.9,4.500000000000002,278
9.719039678573608,15.9,4.500000000000002,278
9.729948997497559,15.9,4.500000000000002,278
9.740865230560303,15.9,4.500000000000002,278
9.752074956893921,15.9,4.500000000000002,278
9.763208627700806,15.9,4.500000000000002,278
9.774156332015991,15.9,4.500000000000002,278
9.785166263580322,15.9,4.500000000000002,278
9.796425580978394,15.9,4.500000000000002,278
9.807389259338379,15.9,4.500000000000002,278
9.818443536758423,15.9,4.500000000000002,278
9.829572916030884,15.9,4.500000000000002,278
9.840593814849854,15.9,4.500000000000002,278
9.851701974868774,15.9,4.500000000000002,278
9.862914323806763,15.9,4.500000000000002,278
9.874009370803833,15.9,4.500000000000002,278
9.885219812393188,15.9,4.500000000000002,278
9.896241664886475,15.9,4.500000000000002,278
9.90719723701477,15.9,4.500000000000002,278
9.918343305587769,15.9,4.500000000000002,278
9.92975664138794,15.9,4.500000000000002,278
9.940700769424438,15.9,4.500000000000002,278
9.952035427093506,15.9,4.500000000000002,278
9.963200330734253,15.9,4.500000000000002,278
9.974262237548828,15.9,4.500000000000002,278
9.985850095748901,15.9,4.500000000000002,278
9.997098922729492,15.9,4.500000000000002,278
10.008445501327515,15.9,4.500000000000002,278
10.019886493682861,15.9,4.500000000000002,278
10.030884504318237,15.9,4.500000000000002,278
10.041996717453003,15.9,4.500000000000002,278
10.053200721740723,15.9,4.500000000000002,278
10.064183950424194,15.9,4.500000000000002,278
10.075190305709839,15.9,4.500000000000002,278
10.086428165435791,15.9,4.500000000000002,278
10.09737229347229,15.9,4.500000000000002,278
10.10885238647461,15.9,4.500000000000002,278
10.120044469833374,15.9,4.500000000000002,278
10.130993604660034,15.9,4.500000000000002,278
10.142161846160889,15.9,4.500000000000002,278
10.153005123138428,15.9,4.500000000000002,278
10.164255857467651,15.9,4.500000000000002,278
10.17525839805603,15.9,4.500000000000002,278
10.186378479003906,15.9,4.500000000000002,278
10.198216438293457,15.9,4.500000000000002,278
10.219285249710083,15.9,4.500000000000002,278
10.24232816696167,15.9,4.500000000000002,278
10.263663053512573,15.9,4.500000000000002,278
10.286315441131592,15.9,4.500000000000002,278
10.305691242218018,15.9,4.500000000000002,278
10.326297998428345,15.9,4.500000000000002,278
10.345308065414429,15.9,4.500000000000002,278
10.365793943405151,15.9,4.500000000000002,278
10.38428282737732,15.9,4.500000000000002,278
10.403686046600342,15.9,4.500000000000002,278
10.42292857170105,15.9,4.500000000000002,278
10.438885688781738,15.9,4.500000000000002,278
10.455000877380371,15.9,4.500000000000002,278
10.470638036727905,15.9,4.500000000000002,278
10.48708462715149,15.9,4.500000000000002,278
10.5063955783844,15.9,4.500000000000002,278
10.526547908782959,15.9,4.500000000000002,278
10.544138193130493,15.9,4.500000000000002,278
10.561724185943604,15.9,4.500000000000002,278
10.58182430267334,15.9,4.500000000000002,278
10.600146532058716,15.9,4.500000000000002,278
10.618947267532349,15.9,4.500000000000002,278
10.638928651809692,15.9,4.500000000000002,278
10.657392263412476,15.9,4.500000000000002,278
10.67607307434082,15.9,4.500000000000002,278
10.695104360580444,15.9,4.500000000000002,278
10.715873003005981,15.9,4.500000000000002,278
10.733346462249756,15.9,4.500000000000002,278
10.751880168914795,15.9,4.500000000000002,278
10.769364356994629,15.9,4.500000000000002,278
10.786240339279175,15.9,4.500000000000002,278
10.803575992584229,15.9,4.500000000000002,278
10.819164752960205,15.9,4.500000000000002,278
10.836356163024902,15.9,4.500000000000002,278
10.852323293685913,15.9,4.500000000000002,278
10.869524955749512,15.9,4.500000000000002,278
10.885343551635742,15.9,4.500000000000002,278
10.902397155761719,15.9,4.500000000000002,278
10.919822931289673,15.9,4.500000000000002,278
10.936958312988281,15.9,4.500000000000002,278
10.954368114471436,15.9,4.500000000000002,278
10.973519325256348,15.9,4.500000000000002,278
10.990866661071777,15.9,4.500000000000002,278
11.008764266967773,15.9,4.500000000000002,278
11.026464223861694,15.9,4.500000000000002,278
11.04563021659851,15.9,4.500000000000002,278
11.063329219818115,15.9,4.500000000000002,278
11.081798076629639,15.9,4.500000000000002,278
11.099682092666626,15.9,4.500000000000002,278
11.11655879020691,15.9,4.500000000000002,278
11.132363557815552,15.9,4.500000000000002,278
11.148192882537842,15.9,4.500000000000002,278
11.164241313934326,15.9,4.500000000000002,278
11.180042505264282,15.9,4.500000000000002,278
11.195897102355957,15.9,4.500000000000002,278
11.212410926818848,15.9,4.500000000000002,278
11.228772640228271,15.9,4.500000000000002,278
11.24502158164978,15.9,4.500000000000002,278
11.26079773902893,15.9,4.500000000000002,278
11.277882099151611,15.9,4.500000000000002,278
11.294174194335938,15.9,4.500000000000002,278
11.313690662384033,15.9,4.500000000000002,278
11.330645561218262,15.9,4.500000000000002,278
11.347944498062134,15.9,4.500000000000002,278
11.36581826210022,15.9,4.500000000000002,278
11.382862091064453,15.9,4.500000000000002,278
11.399775505065918,15.9,4.500000000000002,278
11.4165940284729,15.9,4.500000000000002,278
11.433423280715942,15.9,4.500000000000002,278
11.450229167938232,15.9,4.500000000000002,278
11.467895984649658,15.9,4.500000000000002,278
11.484597444534302,15.9,4.500000000000002,278
11.503143072128296,15.9,4.500000000000002,278
11.519968271255493,15.9,4.500000000000002,278
11.537379741668701,15.9,4.500000000000002,278
11.554616689682007,15.9,4.500000000000002,278
11.571900367736816,15.9,4.500000000000002,278
11.588891506195068,15.9,4.500000000000002,278
11.606761693954468,15.9,4.500000000000002,278
11.625369548797607,15.9,4.500000000000002,278
11.643972635269165,15.9,4.500000000000002,278
11.661376714706421,15.9,4.500000000000002,278
11.67926549911499,15.9,4.500000000000002,278
11.696441173553467,15.9,4.500000000000002,278
11.710256338119507,15.9,4.500000000000002,278
11.721296787261963,15.9,4.500000000000002,278
11.732369661331177,15.9,4.500000000000002,278
11.743769884109497,15.9,4.500000000000002,278
11.754743814468384,15.9,4.500000000000002,278
11.766179323196411,15.9,4.500000000000002,278
11.777256488800049,15.9,4.500000000000002,278
11.788338899612427,15.9,4.500000000000002,278
11.800680875778198,15.9,4.500000000000002,278
11.811720371246338,15.9,4.500000000000002,278
11.823050260543823,15.9,4.500000000000002,278
11.834146738052368,15.9,4.500000000000002,278
11.845081806182861,15.9,4.500000000000002,278
11.85610580444336,15.9,4.500000000000002,278
11.86739444732666,15.9,4.500000000000002,278
11.87817120552063,15.9,4.500000000000002,278
11.88931679725647,15.9,4.500000000000002,278
11.900387525558472,15.9,4.500000000000002,278
11.911222219467163,15.9,4.500000000000002,278
11.9222412109375,15.9,4.500000000000002,278
11.933893918991089,15.9,4.500000000000002,278
11.944748401641846,15.9,4.500000000000002,278
11.955940008163452,15.9,4.500000000000002,278
11.967231273651123,15.9,4.500000000000002,278
11.978075742721558,15.9,4.500000000000002,278
11.989315271377563,15.9,4.500000000000002,278
12.001112461090088,15.9,4.500000000000002,278
12.012408971786499,15.9,4.500000000000002,278
12.023488521575928,15.9,4.500000000000002,278
12.034529685974121,15.9,4.500000000000002,278
12.045342683792114,15.9,4.500000000000002,278
12.056621313095093,15.9,4.500000000000002,278
12.06867003440857,15.9,4.500000000000002,278
12.079522609710693,15.9,4.500000000000002,278
12.090595245361328,15.9,4.500000000000002,278
12.101696491241455,15.9,4.500000000000002,278
12.11262583732605,15.9,4.500000000000002,278
12.124077320098877,15.9,4.500000000000002,278
12.135442972183228,15.9,4.500000000000002,278
12.146499633789062,15.9,4.500000000000002,278
12.157711505889893,15.9,4.500000000000002,278
12.16904902458191,15.9,4.500000000000002,278
12.180097103118896,15.9,4.500000000000002,278
12.191514730453491,15.9,4.500000000000002,278
12.20249605178833,15.9,4.500000000000002,278
12.213521480560303,15.9,4.500000000000002,278
12.22462272644043,15.9,4.500000000000002,278
12.235773086547852,15.9,4.500000000000002,278
12.246883392333984,15.9,4.500000000000002,278
12.258167266845703,15.9,4.500000000000002,278
12.269182920455933,15.9,4.500000000000002,278
12.280236005783081,15.9,4.500000000000002,278
12.291396141052246,15.9,4.500000000000002,278
12.302542924880981,15.9,4.500000000000002,278
12.314098358154297,15.9,4.500000000000002,278
12.3258376121521,18.1,15.500000000000007,959
12.336816787719727,18.1,15.500000000000007,959
12.34804368019104,18.1,15.500000000000007,959
12.362793207168579,18.1,15.500000000000007,959
12.373804569244385,18.1,15.500000000000007,959
12.38491153717041,18.1,15.500000000000007,959
12.397290706634521,18.1,15.500000000000007,959
12.40808653831482,18.1,15.500000000000007,959
12.42003870010376,18.1,15.500000000000007,959
12.431130647659302,18.1,15.500000000000007,959
12.442140340805054,18.1,15.500000000000007,959
12.453381299972534,18.1,15.500000000000007,959
12.464412212371826,18.1,15.500000000000007,959
12.475340366363525,18.1,15.500000000000007,959
12.48694920539856,18.1,15.500000000000007,959
12.498573064804077,18.1,15.500000000000007,959
